id,fecha,subtotal,iva,total,cliente_id,sesion_caja_id,usuario_id,estado_id,metodo_pago_id
1,2025-11-07 12:07:44,17407,4083,21490,1,24,21,2,2
2,2025-11-12 22:03:14,12142,2848,14990,1,24,21,2,2
3,2025-11-12 22:04:44,10927,2563,13490,1,24,21,2,2
4,2025-11-13 12:45:52,3969,931,4900,1,24,21,2,2
5,2025-11-13 12:46:30,20485,4805,25290,1,24,21,2,1
6,2025-11-13 13:07:24,25264,5926,31190,1,24,21,2,1
7,2025-11-13 13:19:03,3159,741,3900,1,24,21,2,2
8,2025-11-13 13:28:24,4852,1138,5990,1,24,21,2,1
9,2025-11-13 13:32:09,3645,855,4500,1,24,21,2,1
10,2025-11-13 13:33:10,9307,2183,11490,1,24,21,2,2
11,2025-11-13 13:36:02,12142,2848,14990,1,24,21,2,1
12,2025-11-13 13:40:45,9712,2278,11990,1,24,21,2,1
13,2025-11-13 14:06:36,12871,3019,15890,1,24,21,2,1
14,2025-11-13 14:33:29,17812,4178,21990,1,24,21,2,2
15,2025-11-13 14:36:53,9307,2183,11490,1,24,21,2,1
16,2025-11-13 15:01:51,3159,741,3900,1,24,21,2,2
17,2025-11-13 15:02:10,15382,3608,18990,1,24,21,2,1
18,2025-11-13 15:05:09,5257,1233,6490,1,24,21,2,1
19,2025-11-13 15:59:08,12142,2848,14990,1,24,21,2,1
20,2025-11-13 18:58:35,4852,1138,5990,1,24,21,2,5
21,2025-11-13 19:12:13,6472,1518,7990,1,24,21,2,2
22,2025-11-13 19:25:14,6399,1501,7900,1,24,21,2,1
23,2025-11-13 19:26:11,6472,1518,7990,1,24,21,2,1
24,2025-11-13 20:15:07,15382,3608,18990,1,24,21,2,1
25,2025-11-13 21:19:40,15382,3608,18990,1,24,21,2,6
26,2025-11-13 21:30:36,15382,3608,18990,1,24,21,2,2
27,2025-11-14 11:54:54,12142,2848,14990,1,24,21,2,1
28,2025-11-14 12:43:53,18055,4235,22290,1,24,21,2,1
29,2025-11-14 12:45:51,42023,9857,51880,1,24,21,2,2
30,2025-11-14 12:47:04,8497,1993,10490,1,24,21,2,1
31,2025-11-14 12:48:25,12142,2848,14990,1,24,21,2,1
32,2025-11-14 12:50:25,15382,3608,18990,1,24,21,2,1
33,2025-11-14 12:53:58,15382,3608,18990,1,24,21,2,1
34,2025-11-14 13:11:54,15382,3608,18990,1,24,21,2,1
35,2025-11-14 13:14:06,3888,912,4800,1,24,21,2,2
36,2025-11-14 13:19:58,9307,2183,11490,1,24,21,2,1
37,2025-11-14 13:20:15,15382,3608,18990,1,24,21,2,1
38,2025-11-14 13:30:03,17812,4178,21990,1,24,21,2,2
39,2025-11-14 13:31:47,3645,855,4500,1,24,21,2,1
40,2025-11-14 13:32:18,2349,551,2900,1,24,21,2,2
41,2025-11-14 13:35:16,2349,551,2900,1,24,21,2,1
42,2025-11-14 13:39:05,9704,2276,11980,1,24,21,2,2
43,2025-11-14 13:42:04,3888,912,4800,1,24,21,2,1
44,2025-11-14 13:45:07,19513,4577,24090,1,24,21,2,1
45,2025-11-14 13:46:39,13843,3247,17090,1,24,21,2,2
46,2025-11-14 13:48:44,15382,3608,18990,1,24,21,2,1
47,2025-11-14 13:49:37,4852,1138,5990,1,24,21,2,1
48,2025-11-14 13:52:00,18217,4273,22490,1,24,21,2,1
49,2025-11-14 13:55:23,6472,1518,7990,1,24,21,2,1
50,2025-11-14 13:58:33,27119,6361,33480,1,24,21,2,2
51,2025-11-14 14:14:34,4852,1138,5990,1,24,21,2,2
52,2025-11-14 14:17:33,4852,1138,5990,1,24,21,2,2
53,2025-11-14 14:23:58,2349,551,2900,1,24,21,2,1
54,2025-11-14 14:27:56,4455,1045,5500,1,24,21,2,1
55,2025-11-14 14:33:45,10360,2430,12790,1,24,21,2,1
56,2025-11-14 14:45:32,12142,2848,14990,1,24,21,2,2
57,2025-11-14 14:55:00,11324,2656,13980,1,24,21,2,5
58,2025-11-14 14:56:03,9704,2276,11980,1,24,21,2,2
59,2025-11-14 14:59:35,810,190,1000,1,24,21,2,2
60,2025-11-14 15:00:04,19432,4558,23990,1,24,21,2,6
61,2025-11-14 15:01:17,10360,2430,12790,1,24,21,2,2
62,2025-11-14 15:08:28,1620,380,2000,1,24,21,2,2
63,2025-11-14 15:09:10,12142,2848,14990,1,24,21,2,2
64,2025-11-14 15:10:41,2754,646,3400,1,24,21,2,2
65,2025-11-14 15:12:19,567,133,700,1,24,21,2,2
66,2025-11-14 15:13:40,12142,2848,14990,1,24,21,2,1
67,2025-11-14 15:14:38,15382,3608,18990,1,24,21,2,1
68,2025-11-14 15:24:46,4852,1138,5990,1,24,21,2,1
69,2025-11-14 15:25:43,15382,3608,18990,1,24,21,2,1
70,2025-11-14 15:41:32,6399,1501,7900,1,24,21,2,2
71,2025-11-14 15:42:43,2349,551,2900,1,24,21,2,1
72,2025-11-14 15:50:53,4852,1138,5990,1,24,21,2,1
73,2025-11-14 15:52:19,810,190,1000,1,24,21,2,2
74,2025-11-14 15:55:24,4852,1138,5990,1,24,21,2,2
75,2025-11-14 16:06:42,8983,2107,11090,1,24,21,2,1
76,2025-11-14 16:53:47,4852,1138,5990,1,24,21,2,2
77,2025-11-14 17:04:35,16192,3798,19990,1,24,21,2,1
78,2025-11-14 17:10:10,4852,1138,5990,1,24,21,2,2
79,2025-11-14 17:25:55,11170,2620,13790,1,24,21,2,1
80,2025-11-14 17:31:46,9307,2183,11490,1,24,21,2,2
81,2025-11-14 18:13:21,12142,2848,14990,1,24,21,2,2
82,2025-11-14 18:17:15,4852,1138,5990,1,24,21,2,1
83,2025-11-14 18:26:03,24284,5696,29980,1,24,21,2,1
84,2025-11-14 18:36:57,4852,1138,5990,1,24,21,2,1
85,2025-11-14 18:49:45,5662,1328,6990,1,24,21,2,1
86,2025-11-14 18:49:45,5662,1328,6990,1,24,21,2,1
87,2025-11-14 19:32:19,11980,2810,14790,1,24,21,2,5
88,2025-11-14 19:34:29,4852,1138,5990,1,24,21,2,1
89,2025-11-14 19:56:29,6472,1518,7990,1,24,21,2,2
90,2025-11-14 19:59:50,18622,4368,22990,1,24,21,2,1
91,2025-11-14 20:01:25,12142,2848,14990,1,24,21,2,1
92,2025-11-14 20:07:10,10514,2466,12980,1,24,21,2,1
93,2025-11-14 20:10:03,17812,4178,21990,1,24,21,2,1
94,2025-11-14 20:11:33,7209,1691,8900,1,24,21,2,1
95,2025-11-14 20:13:03,4852,1138,5990,1,24,21,2,1
96,2025-11-14 20:19:35,7209,1691,8900,1,24,21,2,2
97,2025-11-14 20:33:28,3888,912,4800,1,24,21,2,2
98,2025-11-14 20:38:44,3159,741,3900,1,24,21,2,1
99,2025-11-14 20:42:29,15382,3608,18990,1,24,21,2,2
100,2025-11-14 21:03:02,15382,3608,18990,1,24,21,2,1
101,2025-11-14 21:03:11,12142,2848,14990,1,24,21,2,1
102,2025-11-14 21:18:09,3159,741,3900,1,24,21,2,1
103,2025-11-14 21:48:05,6472,1518,7990,1,24,21,2,2
104,2025-11-14 21:51:20,14086,3304,17390,1,24,21,2,1
105,2025-11-14 21:52:14,3159,741,3900,1,24,21,2,1
106,2025-11-14 21:52:42,6472,1518,7990,1,24,21,2,1
107,2025-11-14 21:52:56,1620,380,2000,1,24,21,2,1
108,2025-11-14 21:57:03,9307,2183,11490,1,24,21,2,1
109,2025-11-14 21:57:44,11324,2656,13980,1,24,21,2,1
110,2025-11-14 21:58:36,6472,1518,7990,1,24,21,2,1
111,2025-11-14 21:59:00,13592,3188,16780,1,24,21,2,1
112,2025-11-14 21:59:00,13592,3188,16780,1,24,21,2,1
113,2025-11-14 22:03:53,3888,912,4800,1,24,21,2,2
114,2025-11-14 22:13:45,22259,5221,27480,1,24,21,2,2
115,2025-11-15 10:58:35,15787,3703,19490,1,24,21,2,1
116,2025-11-15 11:32:26,3159,741,3900,1,24,21,2,1
117,2025-11-15 11:33:39,4852,1138,5990,1,24,21,2,2
118,2025-11-15 11:45:38,2349,551,2900,1,24,21,2,2
119,2025-11-15 12:10:14,11567,2713,14280,1,24,21,2,1
120,2025-11-15 12:10:41,2916,684,3600,1,24,21,2,1
121,2025-11-15 12:13:10,10360,2430,12790,1,24,21,2,1
122,2025-11-15 12:17:49,9712,2278,11990,1,24,21,2,2
123,2025-11-15 12:26:12,3888,912,4800,1,24,21,2,2
124,2025-11-15 12:34:13,12142,2848,14990,1,24,21,2,1
125,2025-11-15 12:35:43,2349,551,2900,1,24,21,2,1
126,2025-11-15 12:36:23,4852,1138,5990,1,24,21,2,1
127,2025-11-15 12:45:58,12142,2848,14990,1,24,21,2,2
128,2025-11-15 12:50:51,3888,912,4800,1,24,21,2,1
129,2025-11-15 12:52:12,12142,2848,14990,1,24,21,2,1
130,2025-11-15 12:53:35,12142,2848,14990,1,24,21,2,1
131,2025-11-15 12:58:49,2349,551,2900,1,24,21,2,2
132,2025-11-15 13:06:59,15382,3608,18990,1,24,21,2,1
133,2025-11-15 13:07:26,810,190,1000,1,24,21,2,2
134,2025-11-15 13:11:15,9793,2297,12090,1,24,21,2,1
135,2025-11-15 13:12:58,3888,912,4800,1,24,21,2,2
136,2025-11-15 13:13:32,2349,551,2900,1,24,21,2,1
137,2025-11-15 13:16:18,9307,2183,11490,1,24,21,2,1
138,2025-11-15 13:16:57,3159,741,3900,1,24,21,2,1
139,2025-11-15 13:24:11,12142,2848,14990,1,24,21,2,2
140,2025-11-15 13:28:40,15382,3608,18990,1,24,21,2,1
141,2025-11-15 13:30:57,21457,5033,26490,1,24,21,2,5
142,2025-11-15 13:32:18,10935,2565,13500,1,24,21,2,1
143,2025-11-15 13:34:29,3888,912,4800,1,24,21,2,1
144,2025-11-15 13:35:28,4852,1138,5990,1,24,21,2,1
145,2025-11-15 13:37:12,27524,6456,33980,1,24,21,2,1
146,2025-11-15 13:39:23,4852,1138,5990,1,24,21,2,2
147,2025-11-15 13:41:11,15382,3608,18990,1,24,21,2,1
148,2025-11-15 13:44:24,21854,5126,26980,1,24,21,2,1
149,2025-11-15 13:46:10,3645,855,4500,1,24,21,2,1
150,2025-11-15 13:47:41,6472,1518,7990,1,24,21,2,1
151,2025-11-15 13:50:17,17812,4178,21990,1,24,21,2,1
152,2025-11-15 13:51:48,3159,741,3900,1,24,21,2,1
153,2025-11-15 13:53:09,4852,1138,5990,1,24,21,2,1
154,2025-11-15 13:55:37,17812,4178,21990,1,24,21,2,1
155,2025-11-15 13:56:53,17812,4178,21990,1,24,21,2,1
156,2025-11-15 14:02:36,17812,4178,21990,1,24,21,2,1
157,2025-11-15 14:04:29,3645,855,4500,1,24,21,2,2
158,2025-11-15 14:05:46,4852,1138,5990,1,24,21,2,1
159,2025-11-15 14:06:51,6472,1518,7990,1,24,21,2,2
160,2025-11-15 14:07:52,15382,3608,18990,1,24,21,2,1
161,2025-11-15 14:09:06,17812,4178,21990,1,24,21,2,1
162,2025-11-15 14:14:47,24284,5696,29980,1,24,21,2,6
163,2025-11-15 14:15:39,15382,3608,18990,1,24,21,2,1
164,2025-11-15 14:18:20,12142,2848,14990,1,24,21,2,2
165,2025-11-15 14:20:40,12142,2848,14990,1,24,21,2,1
166,2025-11-15 14:21:28,15382,3608,18990,1,24,21,2,2
167,2025-11-15 14:22:38,3888,912,4800,1,24,21,2,1
168,2025-11-15 14:23:25,4852,1138,5990,1,24,21,2,2
169,2025-11-15 14:24:54,6399,1501,7900,1,24,21,2,1
170,2025-11-15 14:25:41,36426,8544,44970,1,24,21,2,1
171,2025-11-15 14:28:44,15382,3608,18990,1,24,21,2,1
172,2025-11-15 14:30:15,17812,4178,21990,1,24,21,2,1
173,2025-11-15 14:31:23,3888,912,4800,1,24,21,2,1
174,2025-11-15 14:35:29,12142,2848,14990,1,24,21,2,2
175,2025-11-15 14:38:46,3645,855,4500,1,24,21,2,1
176,2025-11-15 14:42:13,15382,3608,18990,1,24,21,2,5
177,2025-11-15 14:44:27,15787,3703,19490,1,24,21,2,1
178,2025-11-15 14:45:40,19432,4558,23990,1,24,21,2,1
179,2025-11-15 14:48:23,5022,1178,6200,1,24,21,2,1
180,2025-11-15 14:49:17,14491,3399,17890,1,24,21,2,1
181,2025-11-15 14:58:13,12142,2848,14990,1,24,21,2,1
182,2025-11-15 14:59:04,3645,855,4500,1,24,21,2,1
183,2025-11-15 15:00:02,18379,4311,22690,1,24,21,2,1
184,2025-11-15 15:02:00,3888,912,4800,1,24,21,2,1
185,2025-11-15 15:04:02,6399,1501,7900,1,24,21,2,1
186,2025-11-15 15:05:30,12142,2848,14990,1,24,21,2,1
187,2025-11-15 15:05:52,567,133,700,1,24,21,2,2
188,2025-11-15 15:07:16,6399,1501,7900,1,24,21,2,1
189,2025-11-15 15:08:58,6472,1518,7990,1,24,21,2,2
190,2025-11-15 15:09:56,15382,3608,18990,1,24,21,2,2
191,2025-11-15 15:11:08,3726,874,4600,1,24,21,2,1
192,2025-11-15 15:12:06,9307,2183,11490,1,24,21,2,1
193,2025-11-15 15:14:30,9307,2183,11490,1,24,21,2,2
194,2025-11-15 15:15:14,1863,437,2300,1,24,21,2,2
195,2025-11-15 15:18:04,14645,3435,18080,1,24,21,2,1
196,2025-11-15 15:18:59,4852,1138,5990,1,24,21,2,1
197,2025-11-15 15:20:53,1215,285,1500,1,24,21,2,1
198,2025-11-15 15:22:35,567,133,700,1,24,21,2,2
199,2025-11-15 15:23:53,12142,2848,14990,1,24,21,2,1
200,2025-11-15 15:29:01,17812,4178,21990,1,24,21,2,1
201,2025-11-15 15:30:31,9704,2276,11980,1,24,21,2,1
202,2025-11-15 15:37:01,3888,912,4800,1,24,21,2,1
203,2025-11-15 15:38:44,12142,2848,14990,1,24,21,2,1
204,2025-11-15 15:39:30,4852,1138,5990,1,24,21,2,1
205,2025-11-15 15:40:15,1620,380,2000,1,24,21,2,2
206,2025-11-15 15:47:09,3159,741,3900,1,24,21,2,1
207,2025-11-15 15:51:42,9704,2276,11980,1,24,21,2,1
208,2025-11-15 15:58:17,21052,4938,25990,1,24,21,2,2
209,2025-11-15 16:04:04,9631,2259,11890,1,24,21,2,1
210,2025-11-15 16:04:34,6399,1501,7900,1,24,21,2,2
211,2025-11-15 16:05:33,810,190,1000,1,24,21,2,2
212,2025-11-15 16:06:21,4852,1138,5990,1,24,21,2,2
213,2025-11-15 16:10:50,3645,855,4500,1,24,21,2,2
214,2025-11-15 16:28:40,10117,2373,12490,1,24,21,2,1
215,2025-11-15 16:32:56,19432,4558,23990,1,24,21,2,1
216,2025-11-15 16:59:22,7849,1841,9690,1,24,21,2,1
217,2025-11-15 17:48:16,4852,1138,5990,1,24,21,2,2
218,2025-11-15 18:15:42,5257,1233,6490,1,24,21,2,1
219,2025-11-15 18:22:34,10838,2542,13380,1,24,21,2,1
220,2025-11-15 18:45:57,3888,912,4800,1,24,21,2,2
221,2025-11-15 18:47:09,6229,1461,7690,1,24,21,2,1
222,2025-11-15 19:24:00,10360,2430,12790,1,24,21,2,1
223,2025-11-15 19:38:12,18055,4235,22290,1,24,21,2,1
224,2025-11-15 19:41:49,12142,2848,14990,1,24,21,2,1
225,2025-11-15 19:59:16,11737,2753,14490,1,24,21,2,1
226,2025-11-15 20:06:42,3888,912,4800,1,24,21,2,1
227,2025-11-15 20:12:21,8821,2069,10890,1,24,21,2,2
228,2025-11-15 20:15:08,10927,2563,13490,1,24,21,2,2
229,2025-11-15 20:17:28,2349,551,2900,1,24,21,2,2
230,2025-11-15 20:24:17,4293,1007,5300,1,24,21,2,1
231,2025-11-15 20:25:12,3888,912,4800,1,24,21,2,1
232,2025-11-15 20:26:44,3159,741,3900,1,24,21,2,2
233,2025-11-15 21:02:56,28172,6608,34780,1,24,21,2,2
234,2025-11-15 21:02:56,28172,6608,34780,1,24,21,2,1
235,2025-11-15 21:09:30,2349,551,2900,1,24,21,2,1
236,2025-11-15 21:13:30,6399,1501,7900,1,24,21,2,2
237,2025-11-15 21:59:14,16192,3798,19990,1,24,21,2,1
238,2025-11-15 22:04:26,6472,1518,7990,1,24,21,2,2
239,2025-11-16 09:55:31,2754,646,3400,1,24,21,2,2
240,2025-11-16 10:40:52,6472,1518,7990,1,24,21,2,1
241,2025-11-16 11:09:08,9704,2276,11980,1,24,21,2,1
242,2025-11-16 11:10:57,4852,1138,5990,1,24,21,2,2
243,2025-11-16 11:14:20,15382,3608,18990,1,24,21,2,1
244,2025-11-16 11:19:14,12142,2848,14990,1,24,21,2,2
245,2025-11-16 11:21:58,17812,4178,21990,1,24,21,2,1
246,2025-11-16 11:22:31,405,95,500,1,24,21,2,2
247,2025-11-16 11:24:17,12142,2848,14990,1,24,21,2,1
248,2025-11-16 11:30:52,15382,3608,18990,1,24,21,2,2
249,2025-11-16 11:34:09,17812,4178,21990,1,24,21,2,1
250,2025-11-16 11:39:03,12142,2848,14990,1,24,21,2,2
251,2025-11-16 11:45:02,15787,3703,19490,1,24,21,2,1
252,2025-11-16 11:48:33,12142,2848,14990,1,24,21,2,1
253,2025-11-16 11:51:10,12142,2848,14990,1,24,21,2,1
254,2025-11-16 11:57:01,14491,3399,17890,1,24,21,2,2
255,2025-11-16 11:59:47,10927,2563,13490,1,24,21,2,1
256,2025-11-16 12:01:27,9704,2276,11980,1,24,21,2,1
257,2025-11-16 12:04:53,9704,2276,11980,1,24,21,2,1
258,2025-11-16 12:05:49,12142,2848,14990,1,24,21,2,1
259,2025-11-16 12:07:23,9307,2183,11490,1,24,21,2,1
260,2025-11-16 12:08:59,15382,3608,18990,1,24,21,2,1
261,2025-11-16 12:11:22,13762,3228,16990,1,24,21,2,2
262,2025-11-16 12:17:54,18614,4366,22980,1,24,21,2,1
263,2025-11-16 12:18:59,12142,2848,14990,1,24,21,2,2
264,2025-11-16 12:22:26,4852,1138,5990,1,24,21,2,2
265,2025-11-16 12:23:01,1782,418,2200,1,24,21,2,2
266,2025-11-16 12:27:18,9307,2183,11490,1,24,21,2,1
267,2025-11-16 12:29:05,15382,3608,18990,1,24,21,2,1
268,2025-11-16 12:29:41,15382,3608,18990,1,24,21,2,1
269,2025-11-16 12:30:21,4852,1138,5990,1,24,21,2,1
270,2025-11-16 12:34:26,2349,551,2900,1,24,21,2,2
271,2025-11-16 12:36:37,20242,4748,24990,1,24,21,2,1
272,2025-11-16 12:37:33,12142,2848,14990,1,24,21,2,1
273,2025-11-16 12:39:30,12142,2848,14990,1,24,21,2,2
274,2025-11-16 12:43:37,20242,4748,24990,1,24,21,2,1
275,2025-11-16 12:48:04,19432,4558,23990,1,24,21,2,1
276,2025-11-16 12:48:43,12142,2848,14990,1,24,21,2,2
277,2025-11-16 12:50:47,30764,7216,37980,1,24,21,2,5
278,2025-11-16 12:50:47,30764,7216,37980,1,24,21,2,1
279,2025-11-16 12:52:17,12142,2848,14990,1,24,21,2,1
280,2025-11-16 12:53:49,15382,3608,18990,1,24,21,2,2
281,2025-11-16 12:53:49,15382,3608,18990,1,24,21,2,1
282,2025-11-16 12:54:20,4852,1138,5990,1,24,21,2,2
283,2025-11-16 12:58:54,15382,3608,18990,1,24,21,2,2
284,2025-11-16 12:59:25,6399,1501,7900,1,24,21,2,2
285,2025-11-16 13:00:22,4852,1138,5990,1,24,21,2,1
286,2025-11-16 13:02:22,4698,1102,5800,1,24,21,2,1
287,2025-11-16 13:03:51,20963,4917,25880,1,24,21,2,1
288,2025-11-16 13:06:51,17002,3988,20990,1,24,21,2,2
289,2025-11-16 13:07:45,6472,1518,7990,1,24,21,2,2
290,2025-11-16 13:08:25,19432,4558,23990,1,24,21,2,1
291,2025-11-16 13:09:52,10514,2466,12980,1,24,21,2,1
292,2025-11-16 13:13:48,17812,4178,21990,1,24,21,2,2
293,2025-11-16 13:15:57,810,190,1000,1,24,21,2,2
294,2025-11-16 13:18:29,6399,1501,7900,1,24,21,2,1
295,2025-11-16 13:20:01,15382,3608,18990,1,24,21,2,1
296,2025-11-16 13:21:02,17002,3988,20990,1,24,21,2,1
297,2025-11-16 13:22:13,40476,9494,49970,1,24,21,2,1
298,2025-11-16 13:23:33,15382,3608,18990,1,24,21,2,1
299,2025-11-16 13:24:38,4698,1102,5800,1,24,21,2,1
300,2025-11-16 13:25:28,12142,2848,14990,1,24,21,2,1
301,2025-11-16 13:26:02,15382,3608,18990,1,24,21,2,2
302,2025-11-16 13:27:16,25094,5886,30980,1,24,21,2,1
303,2025-11-16 13:28:16,17812,4178,21990,1,24,21,2,2
304,2025-11-16 13:29:29,3159,741,3900,1,24,21,2,2
305,2025-11-16 13:31:59,24284,5696,29980,1,24,21,2,1
306,2025-11-16 13:33:40,20242,4748,24990,1,24,21,2,1
307,2025-11-16 13:34:31,20971,4919,25890,1,24,21,2,1
308,2025-11-16 13:37:49,9307,2183,11490,1,24,21,2,1
309,2025-11-16 13:38:38,15382,3608,18990,1,24,21,2,1
310,2025-11-16 13:39:40,24284,5696,29980,1,24,21,2,5
311,2025-11-16 13:41:42,15382,3608,18990,1,24,21,2,1
312,2025-11-16 13:43:27,405,95,500,1,24,21,2,2
313,2025-11-16 13:44:25,21854,5126,26980,1,24,21,2,1
314,2025-11-16 13:47:00,20234,4746,24980,1,24,21,2,1
315,2025-11-16 13:48:14,17812,4178,21990,1,24,21,2,1
316,2025-11-16 13:49:12,12142,2848,14990,1,24,21,2,2
317,2025-11-16 13:52:58,24284,5696,29980,1,24,21,2,1
318,2025-11-16 13:53:57,12142,2848,14990,1,24,21,2,2
319,2025-11-16 13:54:51,14491,3399,17890,1,24,21,2,1
320,2025-11-16 13:56:03,15382,3608,18990,1,24,21,2,1
321,2025-11-16 13:56:50,12142,2848,14990,1,24,21,2,1
322,2025-11-16 13:57:47,15382,3608,18990,1,24,21,2,1
323,2025-11-16 13:58:30,15382,3608,18990,1,24,21,2,1
324,2025-11-16 14:03:50,15382,3608,18990,1,24,21,2,1
325,2025-11-16 14:07:04,17812,4178,21990,1,24,21,2,1
326,2025-11-16 14:07:50,15382,3608,18990,1,24,21,2,5
327,2025-11-16 14:09:42,24284,5696,29980,1,24,21,2,2
328,2025-11-16 14:10:36,9307,2183,11490,1,24,21,2,1
329,2025-11-16 14:12:03,18614,4366,22980,1,24,21,2,1
330,2025-11-16 14:15:52,26552,6228,32780,1,24,21,2,1
331,2025-11-16 14:18:35,22923,5377,28300,1,24,21,2,2
332,2025-11-16 14:22:34,19432,4558,23990,1,24,21,2,2
333,2025-11-16 14:23:35,17812,4178,21990,1,24,21,2,1
334,2025-11-16 14:25:34,15382,3608,18990,1,24,21,2,2
335,2025-11-16 14:28:51,3078,722,3800,1,24,21,2,1
336,2025-11-16 14:29:50,24778,5812,30590,1,24,21,2,1
337,2025-11-16 14:31:57,13851,3249,17100,1,24,21,2,2
338,2025-11-16 14:34:18,17812,4178,21990,1,24,21,2,1
339,2025-11-16 14:35:21,12142,2848,14990,1,24,21,2,1
340,2025-11-16 14:37:19,22267,5223,27490,1,24,21,2,2
341,2025-11-16 14:38:18,15382,3608,18990,1,24,21,2,1
342,2025-11-16 14:40:26,7047,1653,8700,1,24,21,2,2
343,2025-11-16 14:41:08,810,190,1000,1,24,21,2,2
344,2025-11-16 14:41:52,15382,3608,18990,1,24,21,2,1
345,2025-11-16 14:43:58,20963,4917,25880,1,24,21,2,2
346,2025-11-16 14:43:58,20963,4917,25880,1,24,21,2,1
347,2025-11-16 14:45:32,19432,4558,23990,1,24,21,2,2
348,2025-11-16 14:46:25,17812,4178,21990,1,24,21,2,1
349,2025-11-16 14:47:28,2349,551,2900,1,24,21,2,2
350,2025-11-16 14:48:24,4852,1138,5990,1,24,21,2,1
351,2025-11-16 14:49:46,19432,4558,23990,1,24,21,2,1
352,2025-11-16 14:50:49,17002,3988,20990,1,24,21,2,1
353,2025-11-16 14:51:42,4852,1138,5990,1,24,21,2,1
354,2025-11-16 14:53:00,16192,3798,19990,1,24,21,2,1
355,2025-11-16 14:56:08,22591,5299,27890,1,24,21,2,1
356,2025-11-16 14:57:58,16192,3798,19990,1,24,21,2,1
357,2025-11-16 14:59:04,567,133,700,1,24,21,2,2
358,2025-11-16 15:01:24,12142,2848,14990,1,24,21,2,2
359,2025-11-16 15:02:45,810,190,1000,1,24,21,2,2
360,2025-11-16 15:03:28,9307,2183,11490,1,24,21,2,1
361,2025-11-16 15:04:22,9704,2276,11980,1,24,21,2,1
362,2025-11-16 15:06:11,17002,3988,20990,1,24,21,2,2
363,2025-11-16 15:07:13,12142,2848,14990,1,24,21,2,1
364,2025-11-16 15:08:19,17812,4178,21990,1,24,21,2,1
365,2025-11-16 15:09:47,17812,4178,21990,1,24,21,2,1
366,2025-11-16 15:11:09,17812,4178,21990,1,24,21,2,2
367,2025-11-16 15:12:17,18217,4273,22490,1,24,21,2,1
368,2025-11-16 15:15:12,19432,4558,23990,1,24,21,2,2
369,2025-11-16 15:16:12,17812,4178,21990,1,24,21,2,1
370,2025-11-16 15:17:45,27119,6361,33480,1,24,21,2,1
371,2025-11-16 15:18:41,12142,2848,14990,1,24,21,2,1
372,2025-11-16 15:20:03,7614,1786,9400,1,24,21,2,5
373,2025-11-16 15:20:54,17812,4178,21990,1,24,21,2,1
374,2025-11-16 15:25:26,810,190,1000,1,24,21,2,2
375,2025-11-16 15:26:13,12142,2848,14990,1,24,21,2,1
376,2025-11-16 15:27:43,21700,5090,26790,1,24,21,2,1
377,2025-11-16 15:29:06,3159,741,3900,1,24,21,2,1
378,2025-11-16 15:32:09,15382,3608,18990,1,24,21,2,1
379,2025-11-16 15:33:15,12142,2848,14990,1,24,21,2,2
380,2025-11-16 15:36:35,12142,2848,14990,1,24,21,2,1
381,2025-11-16 15:40:07,810,190,1000,1,24,21,2,2
382,2025-11-16 15:41:56,24284,5696,29980,1,24,21,2,1
383,2025-11-16 15:43:41,19756,4634,24390,1,24,21,2,1
384,2025-11-16 15:55:55,4852,1138,5990,1,24,21,2,2
385,2025-11-16 15:58:41,6472,1518,7990,1,24,21,2,2
386,2025-11-16 15:59:44,15382,3608,18990,1,24,21,2,1
387,2025-11-16 16:00:33,9307,2183,11490,1,24,21,2,1
388,2025-11-16 16:02:16,9307,2183,11490,1,24,21,2,2
389,2025-11-16 16:03:44,15382,3608,18990,1,24,21,2,2
390,2025-11-16 16:07:58,9307,2183,11490,1,24,21,2,1
391,2025-11-16 16:10:10,1215,285,1500,1,24,21,2,2
392,2025-11-16 16:14:05,15382,3608,18990,1,24,21,2,2
393,2025-11-16 16:14:43,567,133,700,1,24,21,2,2
394,2025-11-16 16:18:15,3888,912,4800,1,24,21,2,1
395,2025-11-16 16:19:37,4852,1138,5990,1,24,21,2,2
396,2025-11-16 16:21:47,6399,1501,7900,1,24,21,2,1
397,2025-11-16 16:27:39,17812,4178,21990,1,24,21,2,1
398,2025-11-16 16:29:59,24284,5696,29980,1,24,21,2,2
399,2025-11-16 16:29:59,24284,5696,29980,1,24,21,2,1
400,2025-11-16 16:33:18,15382,3608,18990,1,24,21,2,2
401,2025-11-16 16:35:56,9307,2183,11490,1,24,21,2,1
402,2025-11-16 16:45:54,4852,1138,5990,1,24,21,2,2
403,2025-11-16 16:52:26,10044,2356,12400,1,24,21,2,1
404,2025-11-16 16:54:16,9307,2183,11490,1,24,21,2,1
405,2025-11-16 16:56:31,17812,4178,21990,1,24,21,2,1
406,2025-11-16 17:14:16,3888,912,4800,1,24,21,2,2
407,2025-11-16 17:16:02,567,133,700,1,24,21,2,2
408,2025-11-16 17:18:10,17812,4178,21990,1,24,21,2,2
409,2025-11-16 17:18:10,17812,4178,21990,1,24,21,2,1
410,2025-11-16 17:38:45,4852,1138,5990,1,24,21,2,1
411,2025-11-16 18:17:15,17812,4178,21990,1,24,21,2,2
412,2025-11-16 18:23:46,15382,3608,18990,1,24,21,2,2
413,2025-11-16 18:25:11,2349,551,2900,1,24,21,2,1
414,2025-11-16 18:40:25,9704,2276,11980,1,24,21,2,1
415,2025-11-16 18:49:30,9704,2276,11980,1,24,21,2,1
416,2025-11-16 19:18:39,4852,1138,5990,1,24,21,2,1
417,2025-11-16 19:29:18,3159,741,3900,1,24,21,2,2
418,2025-11-16 19:30:18,810,190,1000,1,24,21,2,2
419,2025-11-16 19:48:37,4852,1138,5990,1,24,21,2,1
420,2025-11-17 12:20:57,12142,2848,14990,1,24,21,2,1
421,2025-11-17 12:21:06,2349,551,2900,1,24,21,2,2
422,2025-11-17 12:44:19,14491,3399,17890,1,24,21,2,2
423,2025-11-17 13:18:02,2349,551,2900,1,24,21,2,2
424,2025-11-17 13:19:21,4852,1138,5990,1,24,21,2,2
425,2025-11-17 13:26:30,2349,551,2900,1,24,21,2,1
426,2025-11-17 13:29:13,21854,5126,26980,1,24,21,2,2
427,2025-11-17 13:29:13,21854,5126,26980,1,24,21,2,1
428,2025-11-17 13:29:57,1053,247,1300,1,24,21,2,2
429,2025-11-17 13:30:11,15382,3608,18990,1,24,21,2,2
430,2025-11-17 13:31:07,17002,3988,20990,1,24,21,2,2
431,2025-11-17 13:31:07,17002,3988,20990,1,24,21,2,1
432,2025-11-17 13:31:56,19432,4558,23990,1,24,21,2,1
433,2025-11-17 13:39:40,2754,646,3400,1,24,21,2,2
434,2025-11-17 13:48:38,3645,855,4500,1,24,21,2,2
435,2025-11-17 13:51:49,4852,1138,5990,1,24,21,2,2
436,2025-11-17 13:56:28,2349,551,2900,1,24,21,2,2
437,2025-11-17 13:58:33,405,95,500,1,24,21,2,2
438,2025-11-17 14:02:43,9704,2276,11980,1,24,21,2,2
439,2025-11-17 14:15:36,1215,285,1500,1,24,21,2,2
440,2025-11-17 14:20:40,15382,3608,18990,1,24,21,2,2
441,2025-11-17 14:28:08,4852,1138,5990,1,24,21,2,2
442,2025-11-17 14:29:02,1863,437,2300,1,24,21,2,2
443,2025-11-17 14:30:00,3645,855,4500,1,24,21,2,2
444,2025-11-17 14:32:37,9704,2276,11980,1,24,21,2,2
445,2025-11-17 14:34:01,4852,1138,5990,1,24,21,2,2
446,2025-11-17 14:35:28,15382,3608,18990,1,24,21,2,1
447,2025-11-17 14:41:00,15382,3608,18990,1,24,21,2,1
448,2025-11-17 14:46:38,12871,3019,15890,1,24,21,2,1
449,2025-11-17 14:56:07,13106,3074,16180,1,24,21,2,2
450,2025-11-17 15:10:35,3888,912,4800,1,24,21,2,2
451,2025-11-17 15:19:55,5419,1271,6690,1,24,21,2,2
452,2025-11-17 15:22:37,16354,3836,20190,1,24,21,2,1
453,2025-11-17 15:23:55,6399,1501,7900,1,24,21,2,1
454,2025-11-17 15:35:56,1134,266,1400,1,24,21,2,2
455,2025-11-17 15:46:30,3645,855,4500,1,24,21,2,2
456,2025-11-17 15:55:30,6877,1613,8490,1,24,21,2,2
457,2025-11-17 15:56:54,6399,1501,7900,1,24,21,2,2
458,2025-11-17 15:59:06,4852,1138,5990,1,24,21,2,2
459,2025-11-17 16:32:43,10927,2563,13490,1,24,21,2,2
460,2025-11-17 16:53:53,3564,836,4400,1,24,21,2,2
461,2025-11-17 17:19:46,10117,2373,12490,1,24,21,2,2
462,2025-11-17 17:44:50,17812,4178,21990,1,24,21,2,1
463,2025-11-17 19:01:19,17812,4178,21990,1,24,21,2,5
464,2025-11-17 19:17:37,3645,855,4500,1,24,21,2,5
465,2025-11-17 20:04:14,13203,3097,16300,1,24,21,2,1
466,2025-11-17 20:04:14,13203,3097,16300,1,24,21,2,1
467,2025-11-17 20:08:18,4852,1138,5990,1,24,21,2,1
468,2025-11-17 20:18:56,19432,4558,23990,1,24,21,2,1
469,2025-11-17 20:19:21,6399,1501,7900,1,24,21,2,1
470,2025-11-17 20:23:56,3969,931,4900,1,24,21,2,2
471,2025-11-17 21:07:41,15382,3608,18990,1,24,21,2,2
472,2025-11-17 21:23:41,4852,1138,5990,1,24,21,2,2
473,2025-11-17 21:48:35,2349,551,2900,1,24,21,2,1
474,2025-11-17 22:03:49,15949,3741,19690,1,24,21,2,1
475,2025-11-17 22:04:04,3159,741,3900,1,24,21,2,1
476,2025-11-18 11:54:29,4852,1138,5990,1,24,21,2,2
477,2025-11-18 12:18:36,15382,3608,18990,1,24,21,2,2
478,2025-11-18 12:22:04,12142,2848,14990,1,24,21,2,1
479,2025-11-18 12:52:32,9307,2183,11490,1,24,21,2,2
480,2025-11-18 13:05:04,15382,3608,18990,1,24,21,2,2
481,2025-11-18 13:05:46,4852,1138,5990,1,24,21,2,2
482,2025-11-18 13:11:55,4852,1138,5990,1,24,21,2,2
483,2025-11-18 13:12:27,2349,551,2900,1,24,21,2,2
484,2025-11-18 13:20:00,3645,855,4500,1,24,21,2,2
485,2025-11-18 13:21:04,12142,2848,14990,1,24,21,2,2
486,2025-11-18 13:23:07,5257,1233,6490,1,24,21,2,1
487,2025-11-18 13:25:09,11810,2770,14580,1,24,21,2,1
488,2025-11-18 13:25:42,2349,551,2900,1,24,21,2,1
489,2025-11-18 13:26:06,4852,1138,5990,1,24,21,2,2
490,2025-11-18 13:26:32,243,57,300,1,24,21,2,2
491,2025-11-18 13:27:50,4852,1138,5990,1,24,21,2,1
492,2025-11-18 13:28:38,4852,1138,5990,1,24,21,2,2
493,2025-11-18 13:34:26,15382,3608,18990,1,24,21,2,1
494,2025-11-18 13:40:50,810,190,1000,1,24,21,2,2
495,2025-11-18 13:45:23,4852,1138,5990,1,24,21,2,2
496,2025-11-18 13:52:12,6472,1518,7990,1,24,21,2,2
497,2025-11-18 13:58:15,2349,551,2900,1,24,21,2,2
498,2025-11-18 14:03:30,3645,855,4500,1,24,21,2,2
499,2025-11-18 14:07:07,9307,2183,11490,1,24,21,2,2
500,2025-11-18 14:08:22,12142,2848,14990,1,24,21,2,2
501,2025-11-18 14:15:50,4852,1138,5990,1,24,21,2,1
502,2025-11-18 14:28:22,17812,4178,21990,1,24,21,2,2
503,2025-11-18 14:35:57,12142,2848,14990,1,24,21,2,1
504,2025-11-18 14:36:05,3888,912,4800,1,24,21,2,2
505,2025-11-18 14:45:53,12142,2848,14990,1,24,21,2,2
506,2025-11-18 14:50:53,17002,3988,20990,1,24,21,2,2
507,2025-11-18 14:50:53,17002,3988,20990,1,24,21,2,1
508,2025-11-18 14:56:57,5905,1385,7290,1,24,21,2,5
509,2025-11-18 15:04:06,8821,2069,10890,1,24,21,2,1
510,2025-11-18 15:04:06,8821,2069,10890,1,24,21,2,1
511,2025-11-18 15:09:52,3888,912,4800,1,24,21,2,1
512,2025-11-18 15:14:17,7533,1767,9300,1,24,21,2,1
513,2025-11-18 15:29:59,12952,3038,15990,1,24,21,2,1
514,2025-11-18 15:31:11,4852,1138,5990,1,24,21,2,2
515,2025-11-18 16:19:06,17326,4064,21390,1,24,21,2,1
516,2025-11-18 16:19:34,15382,3608,18990,1,24,21,2,2
517,2025-11-18 16:32:24,3159,741,3900,1,24,21,2,2
518,2025-11-18 16:57:44,21862,5128,26990,1,24,21,2,1
519,2025-11-18 16:58:13,567,133,700,1,24,21,2,2
520,2025-11-18 17:59:13,3159,741,3900,1,24,21,2,2
521,2025-11-18 18:18:32,4852,1138,5990,1,24,21,2,2
522,2025-11-18 19:01:29,4852,1138,5990,1,24,21,2,1
523,2025-11-18 19:01:38,12142,2848,14990,1,24,21,2,1
524,2025-11-18 19:15:38,9307,2183,11490,1,24,21,2,1
525,2025-11-18 19:36:05,3159,741,3900,1,24,21,2,1
526,2025-11-18 19:43:53,4852,1138,5990,1,24,21,2,1
527,2025-11-18 19:44:01,15382,3608,18990,1,24,21,2,2
528,2025-11-18 19:58:53,9307,2183,11490,1,24,21,2,2
529,2025-11-18 19:59:58,4852,1138,5990,1,24,21,2,2
530,2025-11-18 20:02:45,2349,551,2900,1,24,21,2,2
531,2025-11-18 20:24:16,15787,3703,19490,1,24,21,2,1
532,2025-11-18 20:33:52,2349,551,2900,1,24,21,2,1
533,2025-11-18 20:41:47,11170,2620,13790,1,24,21,2,2
534,2025-11-18 20:51:16,11907,2793,14700,1,24,21,2,1
535,2025-11-18 20:51:58,6472,1518,7990,1,24,21,2,2
536,2025-11-18 21:15:08,15382,3608,18990,1,24,21,2,1
